Rollin,Daniel,marshall_volkman@bergnaum.org,520-307-6225,2016-06-01 12:34:57 -0500
Perry,Gutkowski,torey@schumm.co,1-448-510-9559 x580,2016-06-01 12:34:57 -0500
Misty,Borer,allene.brown@swiftconn.io,213-566-3876 x2417,2016-06-01 12:34:57 -0500
Jaydon,Dooley,anita@runte.io,747.279.6611,2016-06-01 12:34:57 -0500
Johnpaul,Waters,prudence.mohr@nienow.info,1-866-627-7304,2016-06-01 12:34:57 -0500
Issac,Kautzer,harmony@dach.org,(489) 013-5921 x361,2016-06-01 12:34:57 -0500
Noemy,Torp,oren@mitchell.name,195-547-9261 x411,2016-06-01 12:34:57 -0500
Noemie,Konopelski,christine_gutmann@beattyconroy.net,(396) 105-9469,2016-06-01 12:34:57 -0500
Lilla,Boyer,blake@gottlieb.net,281-080-9115,2016-06-01 12:34:57 -0500
Marquise,Haag,sonny@mueller.io,158.330.7462 x133,2016-06-01 12:34:57 -0500
